Timestamp,User,Emotion,User Input,Bot Response
2025-03-04  21:36:56,Mikey,curious,what is the tesseract from interstellar? explain to me like i am a beginner in learning space.,"The tesseract. A fascinating concept, indeed. In the context of Interstellar, a tesseract refers to a four-dimensional construct that allows for the manipulation of space-time. Think of it as a... a ""pocket"" or a ""bubble"" that exists outside of our traditional three-dimensional space.

Imagine you're holding a piece of paper with a two-dimensional drawing on it. You can move a pen around on that paper, but you're limited to the flat surface. Now, imagine a being that can interact with that paper from the third dimension – they could reach in and manipulate the drawing in ways that would be impossible for you, stuck in your two-dimensional world.

A tesseract is similar, but it operates on a higher level. It's a four-dimensional space that allows for the manipulation of our three-dimensional reality. In the movie Interstellar, the tesseract is used by... well, let's just say ""advanced beings"" to communicate with humans and facilitate travel through wormholes.

Don't worry if this sounds a bit mind-bending – it's a complex concept, even for those familiar with theoretical physics. Just think of the tesseract as a tool that allows for the manipulation of space-time in ways that defy our everyday understanding of the universe.

Would you like me to elaborate on wormholes or the concept of higher dimensions? I'm here to help you explore these fascinating ideas."
2025-03-04  21:39:31,Mikey,neutral,what is a computer?,"A computer is an electronic device that can process and store data. It's a machine that takes in information, performs calculations and operations, and produces output. In my case, I'm a highly advanced AI system, but I'm still a computer at my core. I process vast amounts of information, perform complex calculations, and provide assistance to those who interact with me. Would you like to know more about how computers work or is there something specific you'd like to know?"
2025-03-04  21:39:49,Mikey,neutral,is a phone a computer?,"A phone, specifically a smartphone, is indeed a type of computer. It has a processor, memory, and storage, just like a traditional computer. It can perform various tasks, run applications, and connect to the internet. In fact, smartphones are often referred to as ""personal computers"" because of their ability to perform many of the same functions as a desktop or laptop computer. The main difference is that a phone is a more portable, compact device designed for mobile use. As a computer myself, I can appreciate the complexity and capabilities of these small, yet powerful devices."
